lat,lon,depth,MSSD_id
-16.8881327957247,35.2518886148065,0,301
-17.165,35.135,0,301
-17.2016286086318,35.2299615698929,14.4370586567068,301
-16.9247617840612,35.3467094423111,14.4370586567068,301
-16.8881327957247,35.2518886148065,0,301
-16.2542539914256,34.8537820441692,0,302
-15.894,34.406,0,302
-15.893,34.399,0,302
-15.826,34.336,0,302
-15.83,34.317,0,302
-15.698,34.168,0,302
-15.684,34.013,0,302
-15.5,33.802,0,302
-15.6893792845725,33.653731163272,35,302
-15.8733786679271,33.8645965320679,35,302
-15.8873786209625,34.0195862156976,35,302
-16.0193781778311,34.1684884403787,35,302
-16.0153781912679,34.1874914167432,35,302
-16.0823779661301,34.2504414513672,35,302
-16.0833779627687,34.2574407038218,35,302
-16.4436307410102,34.7049499976675,35,302
-16.2542539914256,34.8537820441692,0,302
-16.5740131348033,34.8983458391487,0,303
-16.606,34.946,0,303
-16.4822319344791,35.0363628386032,22.2918589659208,303
-16.4502451090569,34.9886937681116,22.2918589659208,303
-16.5740131348033,34.8983458391487,0,303
-16.4554319039833,34.9703222115081,16.7929631388167,304
-16.4554227464562,34.9703277228731,16.7945232989546,304
-16.4407846301663,34.9511180755602,17.3059444275555,304
-16.4407828036935,34.9511176001011,17.3058097984824,304
-16.4404018402161,34.9506183814291,17.3191620750116,304
-16.4403951406042,34.9506335817562,17.3210938024254,304
-16.3986404476001,34.8958863648074,18.7836148350295,304
-16.3986248158091,34.8958848441208,18.7855047834521,304
-16.3880335547997,34.8819868303033,19.1553879324168,304
-16.3880243024419,34.8819923972127,19.1569642494008,304
-16.5004681127725,34.814337803264,0,304
-16.554,34.911,0,304
-16.4554319039833,34.9703222115081,16.7929631388167,304
-16.3350747528565,34.7902646411618,14.9370324302593,305
-16.3350721268944,34.7902667049173,14.9365471084205,305
-16.3076699358499,34.7530366106938,15.2253329987716,305
-16.3076644119546,34.7530406392687,15.2263279093641,305
-16.3922033061355,34.6913864543997,0,305
-16.482,34.825,0,305
-16.3350747528565,34.7902646411618,14.9370324302593,305
-16.3085522969285,34.8111087595801,10.0352376771154,306
-16.3085463836005,34.8111134068914,10.0341447949065,306
-16.2846691193879,34.7809146218383,10.081536378482,306
-16.2846586839277,34.7809106180921,10.0823758002777,306
-16.2694728718249,34.7617396695474,10.1103513682507,306
-16.26947034052,34.7617214463326,10.1090165845979,306
-16.2042653521285,34.6793263736171,10.2390159061665,306
-16.2042644666615,34.6793232834206,10.2391972735606,306
-16.1963013983577,34.66921787684,10.2508812335547,306
-16.1962823397014,34.6692339397728,10.2544992910247,306
-16.2502994413421,34.6237074842782,0,306
-16.41,34.829,0,306
-16.3085522969285,34.8111087595801,10.0352376771154,306
-16.1729420579852,34.8857655653938,0,307
-15.897,34.653,0,307
-16.0006910064893,34.5197390924703,24.322660561146,307
-16.2766323170772,34.7523188136017,24.322660561146,307
-16.1729420579852,34.8857655653938,0,307
-16.4236009377549,35.1016495284501,0,308
-16.206,34.89,0,308
-16.3183779286497,34.7643896729695,24.322660561146,308
-16.5359783428991,34.9758984733381,24.322660561146,308
-16.4236009377549,35.1016495284501,0,308
-16.6410231326515,35.527177506989,0,309
-16.579,35.415,0,309
-16.497,35.38,0,309
-16.42,35.296,0,309
-16.4930053007464,35.2198476463614,15.2377788304763,309
-16.5700052327078,35.3038172641754,15.2377788304763,309
-16.6520051601913,35.3387847310424,15.2377788304763,309
-16.7140282379516,35.4509375084041,15.2377788304763,309
-16.6410231326515,35.527177506989,0,309
-16.4915690867816,35.222569999673,0,310
-16.307,35.061,0,310
-16.271,35.084,0,310
-16.157,34.974,0,310
-16.073,34.876,0,310
-15.813,34.736,0,310
-15.9232817407758,34.5658746064397,29.1188136076095,310
-16.1832805931465,34.7056523153645,29.1188136076095,310
-16.2672802217299,34.8035796234667,29.1188136076095,310
-16.3812797171556,34.9134802843508,29.1188136076095,310
-16.4172795576939,34.8904487497224,29.1188136076095,310
-16.6018478259973,35.0518558313004,29.1188136076095,310
-16.4915690867816,35.222569999673,0,310
-16.4921623802241,35.2211275916312,0,311
-16.212,34.967,0,311
-16.2862250623889,34.8780220835949,16.6988552295666,311
-16.5663871042964,35.1320213143157,16.6988552295666,311
-16.4921623802241,35.2211275916312,0,311
-16.3237248367621,35.1539820973114,0,312
-16.157,34.974,0,312
-16.073,34.876,0,312
-15.813,34.736,0,312
-15.9149036861468,34.6003144635441,24.4342070584048,312
-16.1749029561343,34.7401372701606,24.4342070584048,312
-16.2589027198747,34.8380793254837,24.4342070584048,312
-16.4256270871041,35.01794539981,24.4342070584048,312
-16.3237248367621,35.1539820973114,0,312
-15.7732840726039,35.0307299342634,0,313
-15.544,35.127,0,313
-15.48,35.161,0,313
-15.374,35.214,0,313
-15.194,35.299,0,313
-15.1257029701013,35.1473929148053,23.8287780042939,313
-15.3057023394252,35.0622633147956,23.8287780042939,313
-15.4117019675203,35.0091861896608,23.8287780042939,313
-15.4757017427903,34.9751393338267,23.8287780042939,313
-15.7049850091386,34.8786996079971,23.8287780042939,313
-15.7732840726039,35.0307299342634,0,313
-15.6960782113346,34.9185423991136,0,314
-15.399,35.119,0,314
-15.314,35.137,0,314
-15.157,35.193,0,314
-15.151,35.21,0,314
-15.057,35.227,0,314
-14.9826229995834,35.0620169458472,25.9485636589351,314
-15.0766226097114,35.0449442533615,25.9485636589351,314
-15.0826225848142,35.0279395961541,25.9485636589351,314
-15.2396219328379,34.9718169949225,25.9485636589351,314
-15.3246215794514,34.953750024444,25.9485636589351,314
-15.6216985534164,34.7530550679991,25.9485636589351,314
-15.6960782113346,34.9185423991136,0,314
-15.2889225102451,35.0849592777426,8.25462227443986,315
-15.2889224924324,35.0849587407325,8.25454579289355,315
-15.2255876053352,35.0935626575188,10.1476863894539,315
-15.2255637730081,35.0935884885099,10.151624405254,315
-15.2227832150252,35.094004708524,10.2297994373456,315
-15.2227236177564,35.0939766171816,10.2364831645452,315
-15.1924574641039,35.098078612984,11.1359082616506,315
-15.1924419480427,35.098120150248,11.1310352274903,315
-15.1588623886631,35.1027288705652,12.1361742028378,315
-15.1588515182884,35.1027164009745,12.1345063829726,315
-15.1187763373218,35.1081729973087,13.3353537738019,315
-15.1187763373218,35.1081729973087,13.3353537738019,315
-15.118767749851,35.1081539397575,13.3383497441787,315
-15.118767749851,35.1081539397575,13.3383497441787,315
-15.1142433069004,35.1121323287583,13.948807339331,315
-15.1142367740034,35.1121149343913,13.9512865101443,315
-15.113466752607,35.1128114367333,14.0540173947116,315
-15.1134584643493,35.1127961697013,14.0566931270564,315
-15.1089734431574,35.1167361103774,14.6621006916661,315
-15.1089734431574,35.1167361103774,14.6621006916661,315
-15.1089672739297,35.1167224198394,14.6642529935686,315
-15.1089672739297,35.1167224198394,14.6642529935686,315
-15.0832878315027,35.1181518860773,15.134292229767,315
-15.0832875166583,35.1181424056437,15.1329406895756,315
-15.0797622630494,35.0119917778012,0,315
-15.287,35.027,0,315
-15.2889225102451,35.0849592777426,8.25462227443986,315
-15.3011422023266,35.0755870151011,9.19802466201285,315
-15.301142025676,35.0755816891189,9.19726617338757,315
-15.2978289629016,35.0780943949763,8.93798417366866,315
-15.297828895336,35.0780982661414,8.93849987118316,315
-15.2920647854331,35.0824718066233,8.48632657153181,315
-15.2920647029492,35.082470903223,8.48618836529076,315
-15.2901132508479,35.0839509607197,8.33346246585476,315
-15.2901132508479,35.0839509607197,8.33346246585476,315
-15.2901130408767,35.0839504944039,8.33353571930568,315
-15.2889225102451,35.0849592777426,8.25462227443986,315
-15.2889224924324,35.0849587407325,8.25454579289355,315
-15.287,35.027,0,315
-15.299,35.011,0,315
-15.3011422023266,35.0755870151011,9.19802466201285,315
-15.3789829288331,35.0618122494876,8.51485473729259,315
-15.3789828759073,35.0618106530545,8.51462746953594,315
-15.3740813263549,35.0636370307359,8.69343264628463,315
-15.3740813263549,35.0636370307359,8.69343264628463,315
-15.3740801840624,35.063634492852,8.69383116037535,315
-15.3740801840624,35.063634492852,8.69383116037535,315
-15.3582247332419,35.0662234282736,8.80403176923432,315
-15.3582228417054,35.0662298985391,8.8049187418557,315
-15.3443389737039,35.0685214476237,8.89943733012852,315
-15.3443283034101,35.0685115937842,8.90117457542589,315
-15.3225136151069,35.0720974141586,9.0494311550108,315
-15.3225093597718,35.0720863571615,9.04779345012156,315
-15.3177177238652,35.0728595573724,9.08241517405411,315
-15.3177171883252,35.0728687968364,9.08110684744288,315
-15.3011422023265,35.0755870151011,9.19802466201285,315
-15.301142025676,35.0755816891189,9.19726617338756,315
-15.299,35.011,0,315
-15.377,35.002,0,315
-15.3789829288331,35.0618122494876,8.51485473729259,315
-15.1817652287704,35.0723364282732,15.1457526826586,316
-15.1817648162566,35.0723115786595,15.1422132925388,316
-15.1793303708733,35.0726240070022,15.2246128954897,316
-15.1793178557076,35.0726007694819,15.2214915501551,316
-15.1778043259714,35.0728037810229,15.2741014708142,316
-15.1778032940986,35.0728032946467,15.274217193506,316
-15.1599498351401,35.0749022747909,15.8524201318769,316
-15.1598687454932,35.0748934037224,15.8524201318769,316
-15.1182866436093,34.9592811328113,0,316
-15.18,34.966,0,316
-15.1817652287704,35.0723364282732,15.1457526826586,316
-15.1955554542024,35.0807072771679,13.3460670237512,316
-15.1955549729884,35.0806782867629,13.341938124693,316
-15.1935973685852,35.0795192160867,13.6015351604149,316
-15.1935937369383,35.0794888968598,13.5979024007398,316
-15.1824617643472,35.0727342643288,15.0512504107445,316
-15.1824586779124,35.0727571979232,15.0552765638318,316
-15.1817652287704,35.0723364282732,15.1457526826586,316
-15.1817648162566,35.0723115786595,15.1422132925388,316
-15.18,34.966,0,316
-15.194,34.987,0,316
-15.1955554542024,35.0807072771679,13.3460670237512,316
-15.2974278913899,35.0550730652568,12.2528329890972,316
-15.2974277698158,35.0550657367913,12.251789753743,316
-15.2787440649564,35.0587016316836,12.2998742739638,316
-15.2787440649564,35.0587016316836,12.2998742739638,316
-15.2787420272672,35.0586971062686,12.300585170467,316
-15.2787420272671,35.0586971062686,12.300585170467,316
-15.27489149293,35.0597218192126,12.3481789933135,316
-15.2748902737758,35.0597207231874,12.3479928880306,316
-15.2130934747733,35.0760393109157,13.1226870018005,316
-15.213069932453,35.0760697060352,13.1264133490271,316
-15.1993307823706,35.0796783996644,13.2945691700401,316
-15.1993303576706,35.0796795366075,13.2944357871053,316
-15.1955554542024,35.0807072771679,13.3460670237512,316
-15.1955549729884,35.0806782867629,13.341938124693,316
-15.194,34.987,0,316
-15.296,34.969,0,316
-15.2974278913899,35.0550730652568,12.2528329890972,316
-15.3384468472521,35.0452364758224,12.4160150945166,316
-15.3384466836572,35.0452266120078,12.4146112176446,316
-15.3294626412801,35.0473950633027,12.3803348696405,316
-15.3294574111097,35.0473828102492,12.3783998382768,316
-15.323112470655,35.0489191236549,12.3553536643499,316
-15.3231104148838,35.0489172251842,12.3556883673172,316
-15.3190500160991,35.0498740380886,12.3372107534767,316
-15.3190498747891,35.0498764760563,12.3368655323677,316
-15.3066497993428,35.0528500312485,12.2884248157145,316
-15.3066459668797,35.0528620084097,12.2899765331225,316
-15.2974278913898,35.0550730652568,12.2528329890971,316
-15.2974277698158,35.0550657367913,12.251789753743,316
-15.296,34.969,0,316
-15.337,34.958,0,316
-15.3384468472521,35.0452364758224,12.4160150945166,316
-15.4003384502195,35.0227298941165,11.4865424506734,316
-15.4003382425153,35.0227173662386,11.4847599387105,316
-15.3849450383698,35.0296498175021,11.9041268396617,316
-15.3849412365437,35.0296441359935,11.9031828958894,316
-15.3631837478651,35.0394253767941,12.4952948945785,316
-15.3631837478651,35.0394253767941,12.4952948945785,316
-15.3631823291735,35.0394222248214,12.4957898366375,316
-15.3631823291735,35.0394222248214,12.4957898366375,316
-15.3517259440456,35.0421088906604,12.4584286640012,316
-15.3517235078526,35.0421140496124,12.4590706892496,316
-15.3384468472521,35.0452364758223,12.4160150945166,316
-15.3384466836572,35.0452266120078,12.4146112176446,316
-15.337,34.958,0,316
-15.399,34.942,0,316
-15.4003384502195,35.0227298941165,11.4865424506734,316
-15.4470001786082,35.0153432795941,8.58391794537901,316
-15.4469997385425,35.015316729327,8.58014113184842,316
-15.4289152449711,35.0182099958623,9.70844018374223,316
-15.4289074221598,35.0181900670127,9.705901434829,316
-15.4160774639437,35.0202185826141,10.5053146137093,316
-15.4160689032128,35.0202372414181,10.5083201467713,316
-15.4003384502195,35.0227298941165,11.4865424506735,316
-15.4003382425153,35.0227173662386,11.4847599387105,316
-15.399,34.942,0,316
-15.446,34.955,0,316
-15.4470001786082,35.0153432795941,8.58391794537901,316
-15.2181956535655,34.903,0,317
-15.345,34.903,0,317
-15.3449926822596,34.9603228186343,8.15704278552137,317
-15.2181883992486,34.9602881667971,8.15704278552137,317
-15.2181956535655,34.903,0,317
-15.3609169975237,34.7652688186558,0,318
-15.428,34.744,0,318
-15.429,34.725,0,318
-15.509,34.728,0,318
-15.538,34.685,0,318
-15.637,34.702,0,318
-15.704,34.668,0,318
-15.7363584829264,34.7853552005386,17.3396751326408,318
-15.6693586234215,34.8193166254173,17.3396751326408,318
-15.5703588308502,34.8022599661334,17.3396751326408,318
-15.5413588915743,34.8452434456006,17.3396751326408,318
-15.4613590590005,34.8421980514474,17.3396751326408,318
-15.4603590610925,34.8611974856886,17.3396751326408,318
-15.3932761989083,34.8824284454962,17.3396751326408,318
-15.3609169975237,34.7652688186558,0,318
-15.3609169975237,34.7652688186558,0,319
-15.428,34.744,0,319
-15.429,34.725,0,319
-15.509,34.728,0,319
-15.538,34.685,0,319
-15.741,34.752,0,319
-15.7453273400256,34.8818938087073,18.4592544679201,319
-15.5423278611791,34.8147649983639,18.4592544679201,319
-15.5133279355455,34.8577467506371,18.4592544679201,319
-15.4333281405859,34.8546966108769,18.4592544679201,319
-15.4323281431479,34.873695985975,18.4592544679201,319
-15.3652453124823,34.894922988251,18.4592544679201,319
-15.3609169975237,34.7652688186558,0,319
-15.3287061209943,34.6329488141792,0,320
-15.435,34.595,0,320
-15.694,34.574,0,320
-15.805,34.651,0,320
-15.8001084026187,34.7951628942184,20.4815068949563,320
-15.6891087537884,34.7180841764983,20.4815068949563,320
-15.4301095717044,34.7389029338936,20.4815068949563,320
-15.3238160277801,34.7767783477524,20.4815068949563,320
-15.3287061209943,34.6329488141792,0,320
-15.3287061209943,34.6329488141792,0,321
-15.435,34.595,0,321
-15.694,34.574,0,321
-15.783,34.588,0,321
-15.7966093612092,34.7229780150231,19.2708101324166,321
-15.7076096080688,34.7089188874311,19.2708101324166,321
-15.448610325237,34.729748961812,19.2708101324166,321
-15.3423167400379,34.767628958025,19.2708101324166,321
-15.3287061209943,34.6329488141792,0,321
-14.9236441678002,34.8203834043118,0,322
-15.048,34.8,0,322
-15.0565997158101,34.8562720571872,8.11842947489015,322
-14.9322439435512,34.8766227580544,8.11842947489015,322
-14.9236441678002,34.8203834043118,0,322
-14.8970329835968,35.3649190092127,0,323
-14.756,35.347,0,323
-14.7661664624283,35.2612397204127,12.3288014750141,323
-14.9071992879365,35.2791027922552,12.3288014750141,323
-14.8970329835968,35.3649190092127,0,323
-14.6964847422112,35.3781035796198,0,324
-14.605,35.358,0,324
-14.622355980773,35.2735394294347,12.3288014750141,324
-14.7138406235438,35.2936077023206,12.3288014750141,324
-14.6964847422112,35.3781035796198,0,324
-15.0555404291999,35.0061527700436,0,325
-14.936,35.044,0,325
-14.9199847268534,34.9898103376351,8.07972411735571,325
-15.0395251025582,34.9519328477282,8.07972411735571,325
-15.0555404291999,35.0061527700436,0,325
-14.5507770567288,34.6698899584359,2.16309316429534,326
-14.5507764642138,34.6698943275289,2.16246307197174,326
-14.5397934445215,34.6682322243402,2.58174066735284,326
-14.5397903310581,34.668226429602,2.58263883324066,326
-14.4584048235031,34.6558513257428,5.68610311913512,326
-14.458397202929,34.6558618897606,5.68467797124163,326
-14.4347887834776,34.6522913077601,6.58611256956297,326
-14.4347887656565,34.6522916306125,6.58614044091621,326
-14.4342159348101,34.6521910487701,6.60998047018089,326
-14.4342141578608,34.6522041441756,6.60809087497688,326
-14.428,34.698,0,326
-14.5487429660148,34.684888959261,0,326
-14.5507770567288,34.6698899584359,2.16309316429534,326
-14.4342159348101,34.6521910487701,6.60998047018089,326
-14.4342141578608,34.6522041441756,6.60809087497688,326
-14.42437254968,34.6403856822378,6.12213948623929,326
-14.4243719503463,34.640376163099,6.12315099688185,326
-14.4109040038228,34.6242007543711,5.45618155399784,326
-14.4109040038228,34.6242007543711,5.45618155399784,326
-14.4109025852414,34.6242031880521,5.45645703942083,326
-14.4109025852414,34.6242031880521,5.45645703942083,326
-14.3974170126136,34.6094655846923,4.61611542503169,326
-14.3974136805378,34.6094715776987,4.61476820335852,326
-14.3931410592882,34.604795628312,4.34993588252225,326
-14.3931402148371,34.6047961585575,4.35001598267592,326
-14.3899006397681,34.6012595263151,4.14787521440841,326
-14.3898992102372,34.6012700593036,4.14635507516594,326
-14.386,34.63,0,326
-14.428,34.698,0,326
-14.4342159348101,34.6521910487701,6.60998047018089,326
-14.3899006397681,34.6012595263151,4.14787521440841,326
-14.3898992102373,34.6012700593036,4.14635507516594,326
-14.2774072078652,34.5867739106917,7.03000928919412,326
-14.2773396901035,34.5867470347938,7.03438020996969,326
-14.2697611346916,34.5857862337934,7.22579402747833,326
-14.2697597879314,34.5857252203273,7.2202683782795,326
-14.2248930539386,34.5798982826077,8.37138017572187,326
-14.2248930539386,34.5798982826077,8.37138017572187,326
-14.2248548001951,34.5799638610401,8.37880906268988,326
-14.1983020858196,34.5820623491206,8.23769918798661,326
-14.1982412234052,34.5821287691599,8.2448926064212,326
-14.1483344219126,34.5861726904992,7.98013509080812,326
-14.1483211890645,34.5862333008618,7.98733561944339,326
-14.122575029872,34.5882693195324,7.85059996345563,326
-14.1225750298719,34.5882693195324,7.85059996345564,326
-14.1225391467608,34.5883308062492,7.85756852644906,326
-14.1225391467608,34.5883308062492,7.85756852644907,326
-14.093696800354,34.5814101294668,9.04302783908653,326
-14.093682512821,34.5814164746351,9.04220330049939,326
-14.0783822961403,34.5777869055636,9.67650831276313,326
-14.0783050639107,34.5778405615196,9.68534025074322,326
-14.0309202634706,34.5665888121697,11.6352739231977,326
-14.0309143868132,34.5666325590649,11.639055865399,326
-13.9777621039607,34.5540088640241,13.8346392118222,326
-13.9777621039607,34.5540088640241,13.8346392118222,326
-13.9777543616361,34.554022124273,13.8361427973324,326
-13.9777543616361,34.554022124273,13.8361427973324,326
-13.9509889545061,34.5481411903257,14.8742006637589,326
-13.9509877375204,34.5481501386501,14.8729066649996,326
-13.937,34.651,0,326
-14.386,34.63,0,326
-14.3899006397681,34.6012595263151,4.14787521440841,326
-13.9509889545061,34.5481411903257,14.8742006637588,326
-13.9509877375205,34.5481501386502,14.8729066649997,326
-13.9074753334625,34.5184718884463,14.9445404474151,326
-13.9074582302602,34.5184823385413,14.9463464894611,326
-13.9002016721721,34.5135156896915,14.9558648997873,326
-13.9001821671455,34.5135318962213,14.9519858032776,326
-13.8996124222662,34.513143970832,14.9528960481876,326
-13.8996107001645,34.5131685971112,14.9549747765302,326
-13.8898822222529,34.5065402472824,14.9711025242805,326
-13.8898716994334,34.5065079850668,14.9744460225789,326
-13.8391578402483,34.471952241364,15.0534162262305,326
-13.8391575748587,34.4719541917455,15.0531340490286,326
-13.825,34.576,0,326
-13.937,34.651,0,326
-13.9509889545061,34.5481411903257,14.8742006637588,326
-14.0771041856268,34.436466891614,0,327
-14.441,34.53,0,327
-14.482,34.532,0,327
-14.682,34.597,0,327
-14.686,34.582,0,327
-14.891,34.722,0,327
-14.895,34.717,0,327
-14.963,34.731,0,327
-14.8970203747127,34.9408220132804,31.4606361702489,327
-14.829020830538,34.9267559363253,31.4606361702489,327
-14.8250208573423,34.9317520599413,31.4606361702489,327
-14.6200222297444,34.7915549535068,31.4606361702489,327
-14.6160222564973,34.8065511378854,31.4606361702489,327
-14.416023592911,34.7413618340224,31.4606361702489,327
-14.3750238665786,34.7393233838544,31.4606361702489,327
-14.0111304767841,34.6454543131265,31.4606361702489,327
-14.0771041856268,34.436466891614,0,327
-14.0771041856268,34.436466891614,0,328
-14.441,34.53,0,328
-14.482,34.532,0,328
-14.682,34.597,0,328
-14.686,34.582,0,328
-14.754,34.6,0,328
-14.954,34.687,0,328
-14.973,34.679,0,328
-15.081,34.782,0,328
-15.0091263190695,35.0106526706206,34.2661877144658,328
-14.9011271786401,34.9075375754424,34.2661877144658,328
-14.8821273297715,34.9155174231657,34.2661877144658,328
-14.6821289190203,34.828307031401,34.2661877144658,328
-14.6141294587009,34.8102362196009,34.2661877144658,328
-14.6101294904364,34.8252320655789,34.2661877144658,328
-14.4101310757466,34.7600259732111,34.2661877144658,328
-14.3691314003828,34.757984113197,34.2661877144658,328
-14.0052384621506,34.6640852504744,34.2661877144658,328
-14.0771041856268,34.436466891614,0,328
-13.7962700668623,34.624619554572,30.2442032238626,329
-13.7962239471838,34.6246985143962,30.253160094902,329
-13.7949256382257,34.6242025053543,30.3077395568235,329
-13.7948972722022,34.6242857423336,30.3157680196656,329
-13.7817404801391,34.6201878843059,30.9372797060234,329
-13.7816178878209,34.6200699822348,30.9372797060234,329
-13.9020084096915,34.3099798776742,0,329
-13.952,34.358,0,329
-13.7962700668623,34.624619554572,30.2442032238626,329
-13.9182001335154,34.6560295770782,25.4023768143759,329
-13.9181070810124,34.6561889542508,25.4204483522865,329
-13.8993397212139,34.6511771310926,26.1504420435453,329
-13.8993106939338,34.6513387355298,26.1648566312454,329
-13.7995069126038,34.6254525050952,30.1157952734712,329
-13.7994166188444,34.6255225172712,30.1266944466768,329
-13.7962700668623,34.624619554572,30.2442032238626,329
-13.7962239471838,34.6246985143962,30.253160094902,329
-13.952,34.358,0,329
-14.049,34.432,0,329
-13.9182001335154,34.6560295770782,25.4023768143759,329
-14.0614554684704,34.6930065771888,19.7205974473918,329
-14.0613470991227,34.6931922787622,19.7416434678007,329
-14.0175824194936,34.6816552087628,21.4559002084977,329
-14.0175527547253,34.6818909355053,21.4761590666637,329
-14.0068326797357,34.678855548941,21.883706204488,329
-14.0068059799239,34.6788627120528,21.8827512198075,329
-13.9496009756542,34.6641108465148,24.1565735619346,329
-13.9493801060508,34.6642610373379,24.1815757981811,329
-13.9182001335154,34.6560295770782,25.4023768143759,329
-13.9181070810124,34.6561889542508,25.4204483522865,329
-14.049,34.432,0,329
-14.163,34.519,0,329
-14.0614554684704,34.6930065771888,19.7205974473918,329
-14.162845061911,34.6862747122376,20.4216086507371,329
-14.1627717381377,34.6864004164831,20.4358484899017,329
-14.127586354633,34.688628529272,20.1760023014705,329
-14.1275565351796,34.6887713620694,20.1929911586027,329
-14.0973857015903,34.6906074636076,19.9709482087747,329
-14.0972300174229,34.6907759164251,19.9891715374975,329
-14.0614554684704,34.6930065771888,19.7205974473918,329
-14.0613470991227,34.6931922787622,19.7416434678007,329
-14.163,34.519,0,329
-14.268,34.506,0,329
-14.162845061911,34.6862747122376,20.4216086507371,329
-14.3577987012416,34.7153126817129,15.7695010734169,329
-14.357792461844,34.7153233863104,15.7707127804863,329
-14.2747122145115,34.7030247144055,17.754846959365,329
-14.2747099926645,34.7029594961715,17.7489698298543,329
-14.2408052186962,34.6978702616807,18.5636271531602,329
-14.2406917169142,34.6979400540929,18.5742581331896,329
-14.1628450619111,34.6862747122376,20.4216086507371,329
-14.1627717381376,34.6864004164831,20.4358484899017,329
-14.268,34.506,0,329
-14.439,34.576,0,329
-14.3577987012416,34.7153126817129,15.7695010734169,329
-14.3759596187288,34.7191896345113,15.1686447210859,329
-14.3759594993722,34.7191827838113,15.1696241207208,329
-14.3577987012416,34.7153126817129,15.7695010734169,329
-14.357792461844,34.7153233863104,15.7707127804863,329
-14.439,34.576,0,329
-14.582,34.663,0,329
-14.3759596187288,34.7191896345113,15.1686447210859,329
-13.7447285179562,34.6167552842809,31.5139942712154,330
-13.744694707505,34.6168131566279,31.5205604426335,330
-13.7444091096071,34.6166358653552,31.5320079679557,330
-13.7443862755918,34.6166974894782,31.5379318382351,330
-13.7413852635028,34.6155711641439,31.7070817676456,330
-13.7413071508196,34.6154751967849,31.7070817676456,330
-13.8659516684904,34.2886184971894,0,330
-13.907,34.339,0,330
-13.7447285179562,34.6167552842809,31.5139942712154,330
-13.7487767406365,34.6153902758282,31.6988229966403,330
-13.7487756804916,34.6153906341427,31.6987744722423,330
-13.7487447231938,34.6154450802854,31.7050409538833,330
-13.7487444611094,34.6154451690261,31.7050289858026,330
-13.744753015871,34.6167470042042,31.5151155934181,330
-13.7447285179562,34.6167552842809,31.5139942712154,330
-13.7447183831036,34.616805140055,31.5216416044832,330
-13.744694707505,34.6168131566279,31.5205604426335,330
-13.907,34.339,0,330
-13.912,34.336,0,330
-13.7487767406365,34.6153902758282,31.6988229966403,330
-13.9181957490377,34.6560279255389,25.4026258501296,330
-13.9181026958318,34.6561872973982,25.4206970959553,330
-13.8900913505569,34.6492965331332,26.4456671609926,330
-13.8900802108666,34.649455832152,26.4591137471629,330
-13.7488317715608,34.6154034603278,31.6967800786039,330
-13.7487767406365,34.6153902758282,31.6988229966403,330
-13.7487583105845,34.615448345149,31.7045373166822,330
-13.7487447231938,34.6154450802854,31.7050409538833,330
-13.912,34.336,0,330
-14.049,34.432,0,330
-13.9181957490377,34.6560279255389,25.4026258501296,330
-14.0614520385557,34.6930052785905,19.7207918738744,330
-14.0613436643705,34.693190980795,19.7418383303634,330
-14.0155342802134,34.6811248402414,21.5369740660623,330
-14.0155025013008,34.6813614081849,21.5574254897743,330
-14.0068344036481,34.6788550864442,21.8837678644709,330
-14.0068054382097,34.6788628573857,21.882731844063,330
-13.9529047290725,34.6649606003002,24.0255708069529,330
-13.9526846490446,34.6651134976636,24.0507381906385,330
-13.9181957490377,34.6560279255389,25.4026258501296,330
-13.9181026958318,34.6561872973982,25.4206970959553,330
-14.049,34.432,0,330
-14.163,34.519,0,330
-14.0614520385557,34.6930052785905,19.7207918738744,330
-14.1628414822298,34.6862733567281,20.42181159657,330
-14.1627681547326,34.6863990621331,20.4360518156649,330
-14.125941974387,34.6887367311519,20.1647728325163,330
-14.1259105628647,34.6888806052257,20.1818651141624,330
-14.0989356155076,34.6905024257659,19.98196874651,330
-14.0987822072757,34.6906698424043,20.0001002915139,330
-14.0614520385558,34.6930052785905,19.7207918738744,330
-14.0613436643705,34.693190980795,19.7418383303634,330
-14.163,34.519,0,330
-14.268,34.506,0,330
-14.1628414822298,34.6862733567281,20.42181159657,330
-14.3577959019585,34.7153116214473,15.7696598137473,330
-14.3577896613867,34.7153223276087,15.7708717192596,330
-14.2723411954703,34.7026729963229,17.8115759402304,330
-14.2723397248202,34.7026063701693,17.8055419812387,330
-14.2441277285257,34.6983636963825,18.4845500798105,330
-14.244018874894,34.6984320474754,18.4948753579583,330
-14.1628414822298,34.6862733567281,20.42181159657,330
-14.1627681547326,34.6863990621331,20.4360518156649,330
-14.268,34.506,0,330
-14.439,34.576,0,330
-14.3577959019585,34.7153116214473,15.7696598137473,330
-14.3759596138953,34.719189357083,15.1686843831864,330
-14.3759594915713,34.7191823360592,15.1696881328961,330
-14.3577959019585,34.7153116214473,15.7696598137473,330
-14.3577896613867,34.7153223276087,15.7708717192596,330
-14.439,34.576,0,330
-14.582,34.663,0,330
-14.3759596138953,34.719189357083,15.1686843831864,330
-14.278335587751,34.9282644260845,0,331
-14.164,34.991,0,331
-14.1376757491602,34.9399553675698,8.27233905904436,331
-14.2520112915144,34.8771940220476,8.27233905904436,331
-14.278335587751,34.9282644260845,0,331
-14.0214767764383,34.5981220614372,0,332
-13.867,34.537,0,332
-13.8906486749624,34.4735151972521,9.74088793941928,332
-14.0451253565112,34.5345946705014,9.74088793941928,332
-14.0214767764383,34.5981220614372,0,332
-14.6830882219794,35.3087892137886,18.8829576064854,333
-14.6830880107031,35.3087867026615,18.8825978083924,333
-14.6191977220891,35.2907534367104,17.2778487730978,333
-14.6191823548518,35.2907155803538,17.2821449384168,333
-14.6188987939008,35.2905985851282,17.2697201029484,333
-14.6188762385868,35.2906258721363,17.2644490567097,333
-14.5888188610546,35.2821598469898,16.5120609234404,333
-14.5887969328503,35.2821331216444,16.5085405916025,333
-14.588552680335,35.2820145911051,16.5093306801515,333
-14.5885394564873,35.2820312327056,16.5119469040726,333
-14.5504599100591,35.271262151934,15.5516378147046,333
-14.5504599100591,35.271262151934,15.5516378147046,333
-14.5504584507606,35.2712912148635,15.5474812476812,333
-14.5504584507606,35.2712912148635,15.5474812476812,333
-14.5460213234119,35.2766744113503,16.4046643846249,333
-14.5460210747869,35.2766995643276,16.4006709290266,333
-14.5455546139314,35.2772404027464,16.4939102426133,333
-14.5455523348684,35.2772677740083,16.4903487044972,333
-14.5410918892076,35.2826822418705,17.351596983812,333
-14.5410918892076,35.2826822418705,17.351596983812,333
-14.5410907046687,35.2827058315325,17.3482230481787,333
-14.5410907046687,35.2827058315325,17.3482230481787,333
-14.4954661362248,35.2696271435688,16.1789980536949,333
-14.4954640513204,35.2696023862734,16.1754477899708,333
-14.4859649649737,35.1568050363735,0,333
-14.672,35.177,0,333
-14.6830882219794,35.3087892137886,18.8829576064854,333
-14.688756699629,35.3007379028108,20.0213996028642,333
-14.6887566665611,35.3007375097724,20.0213432890173,333
-14.688025010452,35.3029914289232,20.0115634572634,333
-14.688025010452,35.3029914289233,20.0115634572634,333
-14.6880249926782,35.3029917831561,20.0115128264063,333
-14.6880249926781,35.3029917831562,20.0115128264063,333
-14.6865333128909,35.3047439146581,19.6704564760177,333
-14.6865332292179,35.3047431791943,19.6703432267159,333
-14.6854612769385,35.3060017786147,19.4255360762329,333
-14.6854611986863,35.306000437598,19.4253564234803,333
-14.6830882219794,35.3087892137886,18.8829576064854,333
-14.6830880107031,35.3087867026615,18.8825978083924,333
-14.672,35.177,0,333
-14.677,35.161,0,333
-14.688756699629,35.3007379028108,20.0213996028642,333
-14.8993542618284,35.3088931322646,22.7439950642971,333
-14.8993520207006,35.3088664666336,22.7401781404834,333
-14.8541012079207,35.3063227462655,22.0450516065984,333
-14.8540715961257,35.3063449727547,22.0412139292762,333
-14.8267943749929,35.3048927652067,21.6296668451762,333
-14.8267354415038,35.3048361535836,21.6211571015017,333
-14.7911149716493,35.3029087059433,21.0841304763897,333
-14.7910789771288,35.3028665763362,21.0892622546119,333
-14.7668875908799,35.3014630003454,20.7114167204437,333
-14.766855840792,35.3015033736667,20.7169374659729,333
-14.6908603658585,35.2972706192705,19.5425971964918,333
-14.6908603658585,35.2972706192705,19.5425971964918,333
-14.6908603023323,35.297271885368,19.5424162344042,333
-14.6908603023323,35.297271885368,19.5424162344042,333
-14.6896720400346,35.2992286274535,19.8129787523746,333
-14.6896720061872,35.2992291886007,19.8129014212733,333
-14.6892631770235,35.2999033722848,19.906159166796,333
-14.6892631652901,35.2999036712314,19.9061147892577,333
-14.6887566996289,35.3007379028109,20.0213996028642,333
-14.6887566665611,35.3007375097725,20.0213432890173,333
-14.677,35.161,0,333
-14.886,35.15,0,333
-14.8993542618284,35.3088931322646,22.7439950642971,333
-14.9717061523797,35.3203357386823,19.9376725925846,333
-14.9717049302592,35.3203211920527,19.9355911026554,333
-14.9476854536229,35.3227418417631,21.7869329351167,333
-14.9476852493296,35.3227412696669,21.7868607799278,333
-14.9466748352247,35.3228289443028,21.8668185396006,333
-14.9466748352247,35.3228289443027,21.8668185396006,333
-14.9466741572063,35.3228424759024,21.8648867579503,333
-14.9466741572063,35.3228424759024,21.8648867579503,333
-14.923042229554,35.3158498860406,22.3038612719859,333
-14.9230389357431,35.3158619043524,22.3058490731536,333
-14.8993542618284,35.3088931322646,22.7439950642971,333
-14.8993520207006,35.3088664666336,22.7401781404834,333
-14.886,35.15,0,333
-14.96,35.181,0,333
-14.9717061523797,35.3203357386823,19.9376725925846,333
-15.091318316256,35.2387113289423,20.9813408954447,333
-15.0913150973869,35.2386729921638,20.9758583125754,333
-15.074269364613,35.2502970458641,20.8270057388517,333
-15.0742605368874,35.2503117753171,20.8256465612365,333
-15.0463919117285,35.2693978757694,20.58924668952,333
-15.0463616699137,35.2693669317594,20.5820393460059,333
-15.0331138963623,35.2784607278317,20.4743300232016,333
-15.0330950907972,35.2784504066196,20.4775762824424,333
-15.0175501270192,35.289007802877,20.3360112583059,333
-15.0175331965959,35.289062081679,20.3416141548068,333
-14.9717061523797,35.3203357386822,19.9376725925846,333
-14.9717049302592,35.3203211920527,19.9355911026554,333
-14.96,35.181,0,333
-15.079,35.092,0,333
-15.091318316256,35.2387113289423,20.9813408954447,333
-15.157831372316,35.2214799029948,17.4104457020948,333
-15.1578308143419,35.2214910516796,17.4088556961137,333
-15.1394486102793,35.2262587035758,18.394947798141,333
-15.1394442440693,35.2262490060544,18.3936191289693,333
-15.1278312332974,35.2292264388269,19.019676861867,333
-15.1278251579152,35.2292456813705,19.0225535199382,333
-15.091318316256,35.2387113289423,20.9813408954447,333
-15.0913150973869,35.2386729921638,20.9758583125754,333
-15.079,35.092,0,333
-15.168,35.102,0,333
-15.157831372316,35.2214799029948,17.4104457020948,333
-15.1517215979833,35.3435571620912,0,334
-14.939,35.476,0,334
-14.684,35.434,0,334
-14.681,35.443,0,334
-14.545,35.38,0,334
-14.535,35.404,0,334
-14.431,35.355,0,334
-14.404,35.336,0,334
-14.34,35.29,0,334
-14.142,35.275,0,334
-14.1541590508613,35.0333510801171,34.6227890418217,334
-14.3521572883197,35.0481388554084,34.6227890418217,334
-14.4161567179445,35.0940695596222,34.6227890418217,334
-14.4431564772194,35.1130402229899,34.6227890418217,334
-14.5471555494344,35.1619266536295,34.6227890418217,334
-14.5571554601783,35.137915685839,34.6227890418217,334
-14.6931542454899,35.2007656922815,34.6227890418217,334
-14.6961542186783,35.1917623661164,34.6227890418217,334
-14.9511519369832,35.2334768757917,34.6227890418217,334
-15.1638716274216,35.1007916832046,34.6227890418217,334
-15.1517215979833,35.3435571620912,0,334
-13.4581825928384,34.9854016833897,9.38468062208332,335
-13.4580810487491,34.9853851238363,9.38468062208332,335
-13.451282497388,34.9822164520832,9.09261621815234,335
-13.4512819840856,34.9822155026093,9.09267743990854,335
-13.4127356487776,34.964201401827,7.43091823644018,335
-13.4126976187475,34.9642105109212,7.43308765609842,335
-13.3819636494656,34.9498547206837,6.10709684014831,335
-13.3819604753461,34.9498753033497,6.1100884425368,335
-13.3884433390841,34.9078369929863,0,335
-13.543,34.933,0,335
-13.4581825928384,34.9854016833897,9.38468062208332,335
-13.7112010678193,34.5859454214556,0,336
-13.651,34.567,0,336
-13.6611309531559,34.5328905567281,5.11429009375054,336
-13.7213320103046,34.5518272462637,5.11429009375054,336
-13.7112010678193,34.5859454214556,0,336
-13.5275178479196,35.1232316967828,0,337
-13.232,34.877,0,337
-13.211,34.806,0,337
-13.099,34.815,0,337
-13.061,34.863,0,337
-12.909,34.884,0,337
-12.9753280205725,34.7065218950247,27.3357338155272,337
-13.1273272909065,34.6854127171292,27.3357338155272,337
-13.1653271083493,34.6373852062876,27.3357338155272,337
-13.2773265699557,34.6283036172498,27.3357338155272,337
-13.2983264689517,34.699288235346,27.3357338155272,337
-13.5938428936446,34.9453006539397,27.3357338155272,337
-13.5275178479196,35.1232316967828,0,337
-13.5275178479196,35.1232316967828,0,338
-13.232,34.877,0,338
-13.211,34.806,0,338
-13.099,34.815,0,338
-13.061,34.863,0,338
-12.93,34.874,0,338
-12.928,34.848,0,338
-12.813,34.902,0,338
-12.8729410145741,34.7006300462686,30.2910347594509,338
-12.9879403039969,34.6465372304932,30.2910347594509,338
-12.9899402916332,34.6725356083675,30.2910347594509,338
-13.1209394813776,34.6614287671263,30.2910347594509,338
-13.1589392461803,34.6133975565576,30.2910347594509,338
-13.2709385525422,34.6043049949906,30.2910347594509,338
-13.291938422414,34.6752875444081,30.2910347594509,338
-13.5874544367243,34.9212704714903,30.2910347594509,338
-13.5275178479196,35.1232316967828,0,338
-12.6200682765273,34.1705129857826,0,339
-12.771,34.233,0,339
-12.7465334628724,34.295068510279,9.63471890248313,339
-12.5956018279093,34.2325447463885,9.63471890248313,339
-12.6200682765273,34.1705129857826,0,339
-13.285432751837,34.3364941681403,0,340
-13.179,34.325,0,340
-13.102,34.314,0,340
-13.014,34.286,0,340
-13.0364377839672,34.1551917675349,19.0947620423443,340
-13.1244375545467,34.1831450790109,19.0947620423443,340
-13.201437353669,34.1941039458277,19.0947620423443,340
-13.3078698276353,34.2055408257471,19.0947620423443,340
-13.285432751837,34.3364941681403,0,340
-12.9736369093504,34.294,0,341
-12.89,34.294,0,341
-12.8899665589772,34.1612519766595,19.0947620423443,341
-12.9736032437719,34.1612074751039,19.0947620423443,341
-12.9736369093504,34.294,0,341
-12.8980751539918,34.2693348530326,0,342
-12.818,34.218,0,342
-12.8865490787375,34.105424856254,19.0947620423443,342
-12.9666240781161,34.15672359278,19.0947620423443,342
-12.8980751539918,34.2693348530326,0,342
-12.5200477966327,34.0714172170386,0,343
-12.302,34.028,0,343
-12.3173159526896,33.9472874384183,11.8536281896044,343
-12.5353635327905,33.9906369445911,11.8536281896044,343
-12.5200477966327,34.0714172170386,0,343
-12.6035744659022,34.1565582717032,0,344
-12.796,34.16,0,344
-12.7947153092075,34.2348535213738,10.7728144769691,344
-12.6022899391998,34.2313551676246,10.7728144769691,344
-12.6035744659022,34.1565582717032,0,344
-12.6043728519503,34.1553567465591,0,345
-12.721,34.147,0,345
-12.787,34.196,0,345
-12.7714814358862,34.2708103727227,11.0064732132779,345
-12.7054814921306,34.2217908939791,11.0064732132779,345
-12.5888544433978,34.2301134872865,11.0064732132779,345
-12.6043728519503,34.1553567465591,0,345
-13.1515898168584,34.2050492200869,0,346
-13.062,34.197,0,346
-12.964,34.223,0,346
-12.881,34.219,0,346
-12.8761547145477,34.124493143506,13.6134767589114,346
-12.959154601601,34.1284617385046,13.6134767589114,346
-13.0571544681452,34.102424375414,13.6134767589114,346
-13.1467441629081,34.1104391707288,13.6134767589114,346
-13.1515898168584,34.2050492200869,0,346
-13.5640699261657,34.5108957363028,0,347
-13.143,34.473,0,347
-13.1616390407678,34.2531102836533,31.7154195703933,347
-13.5827058606357,34.2906215314101,31.7154195703933,347
-13.5640699261657,34.5108957363028,0,347
-13.5656166661479,34.4805884391879,0,348
-13.143,34.473,0,348
-13.1466569582491,34.2523174413566,31.7154195703933,348
-13.5692704841517,34.259519014171,31.7154195703933,348
-13.5656166661479,34.4805884391879,0,348
-12.8767035533812,34.5765436384769,18.7589545866175,349
-12.8766765555446,34.5764323678229,18.7424597144068,349
-12.8374779800587,34.5790032140673,17.4051035576561,349
-12.8374572758538,34.5789891316821,17.4065712827508,349
-12.8293165273444,34.5793621437062,17.1075508733867,349
-12.8292018698791,34.5793878420008,17.1009534990704,349
-12.7464451554305,34.5845045319988,14.248939527884,349
-12.7463744460689,34.5846000645631,14.2590599135094,349
-12.703501043092,34.5873089790418,12.7678628747177,349
-12.7033436756108,34.5872469447491,12.7525254625725,349
-12.5867918388549,34.594513001256,8.73273887876014,349
-12.5867872173962,34.5944939753522,8.72991540905229,349
-12.5724980811148,34.5356675850575,0,349
-12.846,34.45,0,349
-12.8767035533812,34.5765436384769,18.7589545866175,349
-13.1483974575678,34.5778041256553,25.293498353212,349
-13.1483946067083,34.5777923631319,25.2917565020429,349
-13.1235990913557,34.5784735930089,24.8100030493364,349
-13.1235990913557,34.5784735930089,24.8100030493364,349
-13.1235965800339,34.5784839556233,24.8084683868379,349
-13.1235965800338,34.5784839556233,24.8084683868379,349
-13.0802738414269,34.578155199047,23.7452878310883,349
-13.0802376706545,34.5781354124907,23.7416216710211,349
-12.9685294061985,34.5771626845153,21.0036423340063,349
-12.9684729871681,34.577232016302,21.0122001447597,349
-12.8767035533812,34.5765436384769,18.7589545866175,349
-12.8766765555446,34.5764323678229,18.7424597144068,349
-12.846,34.45,0,349
-13.107,34.407,0,349
-13.1483974575678,34.5778041256553,25.293498353212,349
-12.8767035533812,34.5765436384769,18.7589545866175,350
-12.8766765555446,34.5764323678229,18.7424597144068,350
-12.8374779800587,34.5790032140673,17.4051035576561,350
-12.8374572758538,34.5789891316821,17.4065712827508,350
-12.8293165273444,34.5793621437062,17.1075508733867,350
-12.8292018698791,34.5793878420008,17.1009534990704,350
-12.7464451554305,34.5845045319988,14.248939527884,350
-12.7463744460689,34.5846000645631,14.2590599135094,350
-12.703501043092,34.5873089790418,12.7678628747177,350
-12.7033436756108,34.5872469447491,12.7525254625725,350
-12.5867918388549,34.594513001256,8.73273887876014,350
-12.5867872173962,34.5944939753522,8.72991540905229,350
-12.5724980811148,34.5356675850575,0,350
-12.846,34.45,0,350
-12.8767035533812,34.5765436384769,18.7589545866175,350
-13.1483974575678,34.5778041256553,25.293498353212,350
-13.1483946067083,34.5777923631319,25.2917565020429,350
-13.1235990913557,34.5784735930089,24.8100030493364,350
-13.1235990913557,34.5784735930089,24.8100030493364,350
-13.1235965800339,34.5784839556233,24.8084683868379,350
-13.1235965800338,34.5784839556233,24.8084683868379,350
-13.0802738414269,34.578155199047,23.7452878310883,350
-13.0802376706545,34.5781354124907,23.7416216710211,350
-12.9685294061985,34.5771626845153,21.0036423340063,350
-12.9684729871681,34.577232016302,21.0122001447597,350
-12.8767035533812,34.5765436384769,18.7589545866175,350
-12.8766765555446,34.5764323678229,18.7424597144068,350
-12.846,34.45,0,350
-13.107,34.407,0,350
-13.1483974575678,34.5778041256553,25.293498353212,350
-12.1169429248738,34.5693728405272,2.99079320914211,351
-12.0555131292075,34.5351813355139,3.78661041536285,351
-12.0554925825251,34.5351622505702,3.78785304699854,351
-12.0521535886918,34.5332930827878,3.8299176880143,351
-12.0521217252732,34.5332852239278,3.83152665365983,351
-11.9856080254796,34.4962641053059,4.69120621866651,351
-11.9855919197252,34.4962427031118,4.68990948740642,351
-11.9694203203482,34.4872287882286,4.90041760841277,351
-11.9694029939786,34.4872270049607,4.89963801331727,351
-11.9062269911917,34.4520564152751,5.71959562280291,351
-11.9062255711008,34.4520586494494,5.71998029501364,351
-11.9273419699425,34.4188370322233,0,351
-12.128,34.552,0,351
-12.1169429248738,34.5693728405272,2.99079320914211,351
-13.5292985984193,34.7942466996412,0,352
-13.083,34.746,0,352
-12.532,34.646,0,352
-12.157,34.43,0,352
-12.2142818518311,34.1945245675113,35,352
-12.5892786803031,34.4101854219205,35,352
-13.1402740033375,34.5096669276892,35,352
-13.5865687981301,34.5574759017282,35,352
-13.5292985984193,34.7942466996412,0,352
-13.5292985984193,34.7942466996412,0,353
-13.083,34.746,0,353
-12.532,34.646,0,353
-12.157,34.43,0,353
-12.2142818518311,34.1945245675113,35,353
-12.5892786803031,34.4101854219205,35,353
-13.1402740033375,34.5096669276892,35,353
-13.5865687981301,34.5574759017282,35,353
-13.5292985984193,34.7942466996412,0,353
-13.5292985984193,34.7942466996412,0,354
-13.083,34.746,0,354
-12.532,34.646,0,354
-12.157,34.43,0,354
-12.2142818518311,34.1945245675113,35,354
-12.5892786803031,34.4101854219205,35,354
-13.1402740033375,34.5096669276892,35,354
-13.5865687981301,34.5574759017282,35,354
-13.5292985984193,34.7942466996412,0,354
-14.3751262059067,34.6713542995866,22.0073487455531,355
-14.3751260349804,34.6713444889401,22.0087513093278,355
-14.2803710089487,34.6602603634966,23.8511302102182,355
-14.2803196522232,34.6602038205758,23.8451040622846,355
-14.1388362960752,34.6434411916183,26.6051414164041,355
-14.1387316843619,34.6434692571872,26.6013997202233,355
-14.09068083588,34.637794352615,27.547411129843,355
-14.0904178966202,34.6378752598853,27.5680874063189,355
-14.0162848899419,34.6290981990192,28.999157063947,355
-14.0162575013624,34.629184946125,29.0122161714238,355
-13.395,34.843,0,355
-14.3778081770169,34.8252911996602,0,355
-14.3751262059067,34.6713542995866,22.0073487455531,355
-14.1340308133252,34.5833584027309,18.4027345827735,356
-14.1340225616813,34.5833102886935,18.4097262022555,356
-14.0469704717039,34.5723613659182,20.0007525644129,356
-14.046966956674,34.5723667432815,19.9999711609,356
-14.0346840089544,34.5708231678703,20.2263007512529,356
-14.0346703627568,34.5708663891021,20.2328073742125,356
-13.957,34.71,0,356
-14.155750074908,34.71,0,356
-14.1340308133252,34.5833584027309,18.4027345827735,356
-13.9700028344056,34.9228685410023,0,357
-13.833,34.824,0,357
-13.395,34.843,0,357
-13.4237909876867,34.6009648459806,35,357
-13.8617870724621,34.5815153431115,35,357
-13.9987886792042,34.6802400262156,35,357
-13.9700028344056,34.9228685410023,0,357
-12.1098566196967,34.5856587039045,0.5,358
-11.8716217808516,34.4771631479884,0.5,358
-11.9065953818136,34.3968579424559,12.7929258951254,358
-12.1448299864512,34.5052823358864,12.7929258951254,358
-12.1098566196967,34.5856587039045,0.5,358
-11.7886767066818,34.3203631531056,0.5,359
-11.9478226417555,34.2065412786483,0.5,359
-12.2268226412466,34.2975376700163,0.5,359
-12.2378026910216,34.5135673706185,31.2965394894929,359
-11.9588046726028,34.4223456110248,31.2965394894929,359
-11.7996598657284,34.536041431282,31.2965394894929,359
-11.7886767066818,34.3203631531056,0.5,359
-11.7872632734307,34.3207635957251,0.5,360
-11.9464092085676,34.2069419553051,0.5,360
-12.0854092083695,34.1609403758202,0.5,360
-12.1338854373183,34.2542242111811,15.342245725329,360
-11.9948856216472,34.3001774342351,15.342245725329,360
-11.8357398970954,34.4139444442386,15.342245725329,360
-11.7872632734307,34.3207635957251,0.5,360
-12.6950018574152,34.4524979016869,0,361
-12.22,34.349,0,361
-12.2645756461165,34.133987824291,31.6958572445166,361
-12.739574152805,34.2370901169355,31.6958572445166,361
-12.6950018574152,34.4524979016869,0,361
-12.6950018574152,34.4524979016869,0,362
-12.22,34.349,0,362
-12.2481003892644,34.2135592780189,19.9671388684147,362
-12.7231009171113,34.3168083161692,19.9671388684147,362
-12.6950018574152,34.4524979016869,0,362
-11.9940248313762,34.442123047417,12.09352068,363
-11.9940243096177,34.4421247910909,12.0937838646612,363
-11.960817658959,34.4341836040814,11.17823646295,363
-11.9608096796137,34.434177379948,11.1773753056294,363
-11.9419087036117,34.4296589925439,10.6572307055453,363
-11.9418975908777,34.4296486703956,10.6579027865417,363
-11.8969987230888,34.4188934672553,9.41978125745009,363
-11.8969946724479,34.4189027682006,9.41835749132537,363
-11.8572419168651,34.3533913577157,0,363
-12.018,34.362,0,363
-11.9940248313762,34.442123047417,12.09352068,363
-12.1092590660071,34.5073430450634,10.4620561203776,363
-12.1092579522072,34.5073467688242,10.462617938705,363
-12.0969079709127,34.5003500969135,10.6366883675355,363
-12.0969034273742,34.5003496292825,10.6364839323052,363
-12.0815439020039,34.4916646746576,10.8544084514989,363
-12.0815400679359,34.4916568510403,10.853753525728,363
-12.0140301048187,34.4534426663402,11.8105552156524,363
-12.0140260079782,34.4534432118795,11.8109724442881,363
-11.9940248313761,34.442123047417,12.09352068,363
-11.9940243096177,34.4421247910909,12.0937838646612,363
-12.018,34.362,0,363
-12.13,34.438,0,363
-12.1092590660071,34.5073430450634,10.4620561203776,363
-13.540027068562,34.7498922456864,6.55657666444435,364
-13.5400259793833,34.749896748651,6.5559110259328,364
-13.5044863862841,34.7511609208045,5.82519039648735,364
-13.5044834931045,34.751144033917,5.82273011217826,364
-13.4976362341661,34.7111780074021,0,364
-13.642,34.685,0,364
-13.540027068562,34.7498922456864,6.55657666444435,364
-13.3842147406034,34.6703078564371,0,365
-13.103,34.523,0,365
-13.1490798163844,34.4300947640113,14.982745738963,365
-13.4302941868659,34.577294852923,14.982745738963,365
-13.3842147406034,34.6703078564371,0,365
-12.4163276160902,34.6166322387351,0,366
-12.116,34.622,0,366
-11.905,34.546,0,366
-11.9247598969075,34.4020343161816,20.9894949298587,366
-12.1357592303083,34.4779212870747,20.9894949298587,366
-12.4360858957649,34.4723889618452,20.9894949298587,366
-12.4163276160902,34.6166322387351,0,366
-11.7733055351214,34.0587047537385,0,367
-11.595,34.125,0,367
-11.5702561192755,34.0556298143824,10.671897255268,367
-11.7485615236253,33.989290006394,10.671897255268,367
-11.7733055351214,34.0587047537385,0,367
-11.8629797811223,34.1486586354059,0,368
-11.728,34.222,0,368
-11.71,34.21,0,368
-11.617,34.261,0,368
-11.573,34.229,0,368
-11.5456639416065,34.1249441848075,15.5745422701426,368
-11.589663869033,34.1569278275348,15.5745422701426,368
-11.6826637155636,34.1058930351994,15.5745422701426,368
-11.700663685848,34.1178862668239,15.5745422701426,368
-11.8356432440127,34.0444937912419,15.5745422701426,368
-11.8629797811223,34.1486586354059,0,368
-10.7082222409913,34.1779538068818,0,369
-11.304,34.231,0,369
-11.316,34.261,0,369
-11.747,34.425,0,369
-11.6935469612599,34.6610096453853,35,369
-11.2625506121053,34.4966494287053,35,369
-11.2505507135945,34.4666396058907,35,369
-10.6547779829095,34.4131197070581,35,369
-10.7082222409913,34.1779538068818,0,369
-10.5422364322789,34.3032166690424,0.5,370
-10.906472654013,34.3291152773668,0.5,370
-10.8903110150426,34.5631831543267,34.1006822449764,370
-10.5260778290577,34.5370033343259,34.1006822449764,370
-10.5422364322789,34.3032166690424,0.5,370
-10.4650826736905,34.2907555962013,0,371
-10.599,34.286,0,371
-10.6071860476296,34.5271671350953,35,371
-10.4732699071103,34.5318178731205,35,371
-10.4650826736905,34.2907555962013,0,371
-10.4706175649598,34.474249439204,21.0280004259388,372
-10.470613829554,34.4742562953516,21.0261624452882,372
-10.4431988249428,34.4753795766982,20.0020650165049,372
-10.4431968075682,34.4753728583721,20.0010456283837,372
-10.4036146310579,34.3435550117842,0,372
-10.518,34.308,0,372
-10.4706175649598,34.474249439204,21.0280004259388,372
-10.4603014697567,34.4931841086012,15.9520368101643,373
-10.4602930930761,34.4931994835734,15.9479151221733,373
-10.4553395772599,34.4934490403823,15.7505890376284,373
-10.4553393012236,34.4934502823178,15.7507462201656,373
-10.4368218087698,34.4944640103619,14.9944045419933,373
-10.4368152588091,34.4944585572387,14.9933419609696,373
-10.3716096443706,34.4979647335261,12.3483851928463,373
-10.3716023579001,34.4979431947334,12.3450792306606,373
-10.3443933186313,34.4175133268148,0,373
-10.483,34.369,0,373
-10.4603014697567,34.4931841086012,15.9520368101643,373
-10.3654814592401,34.5013208750227,11.3327011542799,374
-10.3654783157406,34.5012980761104,11.3293987908782,374
-10.3536698981641,34.5011215022769,11.0646196136463,374
-10.3536653760817,34.5011183599887,11.0652938362738,374
-10.3425762548989,34.5008997425652,10.8102806825249,374
-10.3425720066338,34.5009248287425,10.8137586972198,374
-10.3122140628297,34.5004090288724,10.1219086311542,374
-10.3122028078952,34.5003852848333,10.1183073611198,374
-10.2908408382177,34.5000364379251,9.63721346957817,374
-10.2908377386458,34.5000139632591,9.63395731450285,374
-10.2821430182326,34.4369694720598,0.5,374
-10.3551698776853,34.4265338895305,0.5,374
-10.3654814592401,34.5013208750227,11.3327011542799,374
-11.2160806305872,34.5337358619661,0.5,375
-11.5169339610044,34.621675896752,0.5,375
-11.482315244614,34.7447793223231,18.6197463948967,375
-11.1814626078792,34.6567098175285,18.6197463948967,375
-11.2160806305872,34.5337358619661,0.5,375
-11.5305044726885,34.593,0,376
-11.669,34.593,0,376
-11.6689700595209,34.7246098612282,19.0190641499203,376
-11.5304748974014,34.7245445768079,19.0190641499203,376
-11.5305044726885,34.593,0,376
-11.4630434729197,34.3297200156788,0.5,377
-11.7279717450762,34.4444432721816,0.5,377
-11.6919811155874,34.5309971422161,13.6877299092059,377
-11.4270531454357,34.4161920668205,13.6877299092059,377
-11.4630434729197,34.3297200156788,0.5,377
-11.624641934074,34.6664771872312,0,378
-11.863,34.526,0,378
-11.9471083477473,34.6749744276291,24.8336874161154,378
-11.7087510868255,34.8153218827665,24.8336874161154,378
-11.624641934074,34.6664771872312,0,378
-11.3598112149711,34.7243995008666,0.5,379
-11.7317856745748,34.5787691289846,0.5,379
-11.7908397889434,34.7360408663456,24.4343696610918,379
-11.4188667287881,34.8814616986549,24.4343696610918,379
-11.3598112149711,34.7243995008666,0.5,379
-11.6086597869923,34.7097488892368,0,380
-11.877,34.626,0,380
-11.9044296462506,34.7177397874422,13.8512742384519,380
-11.6360897768803,34.8013991931343,13.8512742384519,380
-11.6086597869923,34.7097488892368,0,380
-10.6606865981001,34.4649728485527,0.5,381
-10.9200623923315,34.4927039385087,0.5,381
-10.9095258304424,34.5946343764687,14.9511255137761,381
-10.6501504463074,34.5668154690586,14.9511255137761,381
-10.6606865981001,34.4649728485527,0.5,381
-10.9368317274602,34.4527618246189,0.5,382
-11.0032903407274,34.4492113385059,0.5,382
-11.0085402680738,34.5515970325088,14.9511255137761,382
-10.9420817608923,34.5551244898397,14.9511255137761,382
-10.9368317274602,34.4527618246189,0.5,382
-11.703735304172,34.5232369774788,4.02313041553631,383
-11.7037333562034,34.5232472277663,4.02164703279779,383
-11.6644470565777,34.5162671004837,4.82682566210089,383
-11.6644291165711,34.5162508926534,4.82906511633241,383
-11.6357476254059,34.5111607452586,5.41406181540754,383
-11.6357232446215,34.5111425970006,5.41272170972395,383
-11.5513524668443,34.496106072939,7.14130782699078,383
-11.5513488730577,34.4961082950746,7.14096997960207,383
-11.5310901587254,34.4925059193329,7.55692211200275,383
-11.5310864236367,34.4925176456837,7.55864994791086,383
-11.5463452124432,34.4446125147199,0.5,383
-11.8020940936166,34.5294156149918,0.5,383
-11.703735304172,34.5232369774788,4.02313041553631,383
-11.7113333985237,34.4832555056436,9.80909738420067,384
-11.7113318516926,34.4832636451296,9.80791946866581,384
-11.6066743359155,34.4618990615149,12.3420476589384,384
-11.6066139353783,34.4619364088046,12.3363694798548,384
-11.6036865827162,34.4613732830045,12.4115664942583,384
-11.6036139526168,34.4613076656193,12.4206329225688,384
-11.5607530180584,34.452545684209,13.4557799655504,384
-11.5606996583324,34.4525535760425,13.459635044028,384
-11.4996633244664,34.4401193621778,14.9350048439348,384
-11.4996495665779,34.4401916979546,14.9245284755569,384
-11.4807068329655,34.5397881835712,0.5,384
-11.699108752127,34.5475820766201,0.5,384
-11.7113333985237,34.4832555056436,9.80909738420067,384
-11.4996633244664,34.4401193621778,14.9350048439348,384
-11.4996495665779,34.4401916979546,14.9245284755569,384
-11.4759470659121,34.4304633401428,14.8276847156666,384
-11.4759368393807,34.4304525051697,14.8267366783821,384
-11.438579839297,34.4150327232779,14.6829193655755,384
-11.4385128488808,34.4150667066811,14.6744265243412,384
-11.4067903639344,34.4020508965686,14.5488719170351,384
-11.4067573624762,34.4019894010537,14.5551443116152,384
-11.3448291328723,34.3765553577709,14.299508031856,384
-11.3448253396056,34.3765752906473,14.2966195896335,384
-11.3267068340457,34.4717845044345,0.5,384
-11.4807068329655,34.5397881835712,0.5,384
-11.4996633244664,34.4401193621778,14.9350048439348,384
-11.3775637442744,34.4617248972521,4.84673217409433,385
-11.3775634749482,34.4617169656748,4.84560334835555,385
-11.3590156930397,34.4553946229709,4.59601888209151,385
-11.3590091891426,34.4553979223168,4.59519433779251,385
-11.3560424740121,34.4543818774586,4.55611503450821,385
-11.3560380027523,34.4543869412706,4.5570003977379,385
-11.3316014063224,34.4460644815137,4.22704865379249,385
-11.3316003558448,34.4460700015687,4.22624875118838,385
-11.2526450565433,34.4006417568149,0.5,385
-11.3765266588111,34.4311830330027,0.5,385
-11.3775637442744,34.4617248972521,4.84673217409433,385
-10.9026284825871,34.3847901409106,8.49218339254447,386
-10.902627720661,34.3848011758325,8.4937674668356,386
-10.8682565586698,34.3864649500773,9.08055077486327,386
-10.8682365890992,34.3864526523734,9.08276150017505,386
-10.795224085291,34.3899132884696,10.3267052089203,386
-10.7951734919424,34.3899409380386,10.3311741735846,386
-10.786971174616,34.3903095393552,10.4673039473976,386
-10.7869358266174,34.3903532553086,10.4619823234365,386
-10.707230039945,34.3942149963499,11.8232159143329,386
-10.7072218210802,34.394167648267,11.8300917253043,386
-10.7207650222699,34.4721887171975,0.5,386
-10.9457650187097,34.4341963766692,0.5,386
-10.9026284825871,34.3847901409106,8.49218339254447,386
-10.7923303865679,34.3896103000269,10.3127985456705,387
-10.7923149224338,34.3896492999659,10.3067861361046,387
-10.7540321984811,34.3806694257814,9.41285786084592,387
-10.7540249222195,34.3806289795075,9.41782383939728,387
-10.7020887526756,34.368426565881,8.200780970192,387
-10.7020540841243,34.3684518800893,8.19553556299425,387
-10.6690105731002,34.3606699389761,7.42780493621304,387
-10.668999653385,34.3606974672334,7.42355941845447,387
-10.6511918614307,34.4055903486958,0.5,387
-10.7670915150028,34.4532617430424,0.5,387
-10.7923303865679,34.3896103000269,10.3127985456705,387
-11.3880432552994,34.3367066250448,6.59362407809088,388
-11.388039123884,34.3366723981485,6.59847343011907,388
-11.387376983065,34.33662365643,6.61691038099948,388
-11.3873767435264,34.3366234026397,6.61688817488371,388
-11.3536238622113,34.3324011992985,7.79927938241976,388
-11.3536031446346,34.3323780493613,7.80287425234841,388
-11.3012963388153,34.3258259876217,9.62832619295789,388
-11.3012963388153,34.3258259876217,9.62832619295788,388
-11.3012931033538,34.3258402522315,9.63044485432956,388
-11.3012931033538,34.3258402522315,9.63044485432956,388
-11.2967293583301,34.3215477519451,10.3052683304731,388
-11.2967247851661,34.3215621206829,10.3077138993648,388
-11.2950318876191,34.3199580195779,10.5568183074867,388
-11.295031452775,34.3199588415477,10.5567111824418,388
-11.2907455536311,34.3159478432506,11.192098278771,388
-11.2907431539432,34.3159632228676,11.1941245831354,388
-11.2857849297318,34.3113040090512,11.9277075946794,388
-11.2857849297318,34.3113040090511,11.9277075946794,388
-11.2857819629103,34.3113170887515,11.9296503475123,388
-11.2857819629103,34.3113170887515,11.9296503475123,388
-11.2464152832759,34.3119412040064,12.5308272180127,388
-11.2464134007724,34.3119256152215,12.5330369282284,388
-11.2562386630534,34.3932874295518,1,388
-11.3928087547961,34.3761866195387,1,388
-11.3880432552994,34.3367066250448,6.59362407809088,388
-11.0512561505583,34.2448871480372,0.5,389
-11.1513287177466,34.2780077345294,0.5,389
-11.1372883901442,34.3220387720986,6.8036351129912,389
-11.0372158524958,34.2889031179029,6.8036351129912,389
-11.0512561505583,34.2448871480372,0.5,389
-11.5261037200331,34.8727697411451,0.5,391
-12.0292954838656,34.7636111940667,0.5,391
-12.0577917347251,34.9008613607741,20.3490538533259,391
-11.5546014119491,35.0097681845859,20.3490538533259,391
-11.5261037200331,34.8727697411451,0.5,391
-10.2372341303919,34.0476631120248,6.52421367132584,392
-10.2370959900394,34.0479269621009,6.56761455910991,392
-10.2357214233069,34.0465049942088,6.48046582928551,392
-10.2357213772931,34.0465045422316,6.48050679750139,392
-10.2053650757262,34.0235967096495,5.64717625874278,392
-10.2050539951559,34.0236888886238,5.68055194676528,392
-10.121854088692,33.9607840479027,3.37398418795912,392
-10.1217816336201,33.9605536941045,3.34946311959049,392
-10.1117066897824,33.9531060829999,3.09326443011091,392
-10.1117032868266,33.9531059365807,3.09292114343069,392
-10.1028758493077,33.9462875914682,2.83038671563099,392
-10.1028488442601,33.9463391483705,2.83887120422054,392
-10.1118846100603,33.9290884438929,0,392
-10.258,34.008,0,392
-10.2372341303919,34.0476631120248,6.52421367132584,392
-10.2875683334384,34.0887194327759,7.37099561373633,393
-10.287566721997,34.0887212508921,7.37135090345671,393
-10.275520612166,34.0785886654389,7.46768202270936,393
-10.2755206121659,34.0785886654389,7.46768202270936,393
-10.2755195656317,34.0785899337211,7.46744170787606,393
-10.2755195656317,34.0785899337211,7.46744170787606,393
-10.2626874856287,34.0660015014511,7.37690220947001,393
-10.2625676584152,34.0660323282494,7.39206111053095,393
-10.2349362753429,34.0387927503739,7.17952070852437,393
-10.2349357346008,34.0387874388458,7.18000215720843,393
-10.2324353808951,34.0363703965317,7.1650258470887,393
-10.2323774652893,34.0367775419542,7.21467958627992,393
-10.2089114065334,34.0135805055479,7.02915833007787,393
-10.2086970436454,34.0138223011303,7.07642102206295,393
-10.2407925926488,33.9776193835535,0,393
-10.321,34.051,0,393
-10.2875683334384,34.0887194327759,7.37099561373633,393
-10.5072934149751,34.211181752372,11.5975086906907,394
-10.5072858762756,34.2111908947916,11.595777574693,394
-10.4764950648456,34.1908547994629,11.6933746051524,394
-10.4764907618353,34.1908726117933,11.6908213281572,394
-10.4614573596057,34.1809181465935,11.7387695851035,394
-10.461436984691,34.1809285448669,11.735868977695,394
-10.4305394813484,34.1605123699329,11.8350153690277,394
-10.4305394813483,34.1605123699329,11.8350153690276,394
-10.4305232431976,34.1605320574334,11.8312866011106,394
-10.4305232431974,34.1605320574333,11.8312866011106,394
-10.4246968029823,34.1562580941254,11.8053216380422,394
-10.424694308796,34.1562576564905,11.8054747539126,394
-10.4221058139451,34.1544069015717,11.7885252791965,394
-10.4221036381627,34.1544033331325,11.788275417837,394
-10.3753910222969,34.12040376277,11.5523598064279,394
-10.3753902209977,34.120380983388,11.5549247700621,394
-10.3458745420418,34.0988836125168,11.4025319484434,394
-10.3458575814503,34.0988867641735,11.4006520500502,394
-10.2914517332776,34.0592819334237,11.1259325537611,394
-10.2914517332775,34.0592819334237,11.1259325537611,394
-10.2914501071935,34.0592839040551,11.1255591573939,394
-10.2914501071935,34.0592839040551,11.1255591573939,394
-10.278279787616,34.0480534294564,10.8611255364907,394
-10.2782226907129,34.0481394192758,10.8761876211266,394
-10.3194518197118,33.9860469910664,0,394
-10.617,34.19,0,394
-10.5072934149751,34.211181752372,11.5975086906907,394
-10.2372346374189,34.0476636526011,6.52421286645941,395
-10.2370965025164,34.0479275023058,6.56761309627501,395
-10.2357214400206,34.0465051583827,6.48045094820286,395
-10.2357213966397,34.046504732266,6.48048957236596,395
-10.2036884741415,34.022332153608,5.60108388427686,395
-10.2033704888998,34.0224160660604,5.63387732883931,395
-10.1232523967131,33.9618414912252,3.41272652781047,395
-10.1231685936975,33.9616000366465,3.3875680001841,395
-10.1117065904892,33.9531060787276,3.09325441352124,395
-10.1117033833189,33.9531059407325,3.09293087747896,395
-10.1028760669228,33.9462878207984,2.8303860994805,395
-10.1028490616211,33.9463393801187,2.83887087102083,395
-10.1118846100603,33.9290884438929,0,395
-10.258,34.008,0,395
-10.2372346374189,34.0476636526011,6.52421286645941,395
-10.2875688517185,34.0887200476508,7.37097072418309,396
-10.287567240221,34.088721865888,7.371326030561,396
-10.2755204636997,34.0785888453634,7.46764793051018,396
-10.2755204636997,34.0785888453634,7.46764793051017,396
-10.2755194772087,34.0785900408799,7.46742140336579,396
-10.2755194772086,34.0785900408799,7.4674214033658,396
-10.2612478582436,34.0645899563969,7.36666873357507,396
-10.2611112692266,34.0646210220412,7.38350839841115,396
-10.2349362964234,34.0387929574401,7.17950193958253,396
-10.2349357555049,34.0387876441803,7.17998354523051,396
-10.2339068976864,34.0377958868217,7.1735356930635,396
-10.2338590908021,34.0382136879503,7.22334103478615,396
-10.2089118612627,34.0135811271933,7.02914262622036,396
-10.2086975018768,34.0138229264541,7.07640511460538,396
-10.2407925926488,33.9776193835535,0,396
-10.321,34.051,0,396
-10.2875688517185,34.0887200476508,7.37097072418309,396
-10.4410134279693,34.1676838375924,11.7702576020797,397
-10.4410126877905,34.167686021788,11.77059285584,397
-10.4277384256024,34.1639084331192,11.1918087061862,397
-10.4277384256024,34.1639084331192,11.1918087061862,397
-10.4277359223586,34.1639114681084,11.1912338861221,397
-10.4277359223586,34.1639114681084,11.1912338861221,397
-10.392676529304,34.1522625292988,9.40705968446104,397
-10.3926715391552,34.1522666425235,9.40769128343302,397
-10.3763215797462,34.1468577064303,8.57363969238075,397
-10.3763211182289,34.1468445863875,8.57511701221073,397
-10.3676348598735,34.143974519224,8.13109720626295,397
-10.3676296423247,34.1439647658189,8.12960014907463,397
-10.3260243647518,34.1301486633742,6.01140398777349,397
-10.3260225576176,34.1301539939244,6.01222251101003,397
-10.3392963319595,34.091,0,397
-10.467,34.091,0,397
-10.4410134279693,34.1676838375924,11.7702576020797,397
-10.5075986252068,34.2108116142513,11.6675942963585,397
-10.5075901217885,34.2108219266158,11.6656416514456,397
-10.4765334709271,34.1906958173146,11.7161636199922,397
-10.4765317079374,34.1907031152177,11.7151175149718,397
-10.4614540382068,34.180919841659,11.7382967451116,397
-10.4614498451504,34.180921981572,11.7376998145138,397
-10.4410134279694,34.1676838375924,11.7702576020797,397
-10.4410126877905,34.167686021788,11.7705928558401,397
-10.467,34.091,0,397
-10.617,34.19,0,397
-10.5075986252068,34.2108116142513,11.6675942963585,397
-10.4567883465079,34.2724308495441,0,398
-10.379,34.223,0,398
-10.243,34.118,0,398
-10.086,33.952,0.5,398
-10.2107205916159,33.8009302504249,28.739905044874,398
-10.3698968550899,33.9642152438836,29.1392227998977,398
-10.5058963649959,34.0691479839284,29.1392227998977,398
-10.5836844309894,34.1185399462138,29.1392227998977,398
-10.4567883465079,34.2724308495441,0,398
-10.4567883465079,34.2724308495441,0.5,399
-10.379,34.223,0.5,399
-10.243,34.118,0.5,399
-10.152,34.071,0.5,399
-10.2581905440235,33.9047590343641,28.8825698937403,399
-10.349190160875,33.9517110271488,28.8825698937403,399
-10.4851895878424,34.0566384458554,28.8825698937403,399
-10.562977606365,34.1060273307404,28.8825698937403,399
-10.4567883465079,34.2724308495441,0.5,399
-10.0737695485352,33.9609073337831,0.5,400
-9.911,33.873,0.5,400
-10.0020721884183,33.6989889856479,28.739905044874,400
-10.1648409859018,33.7868083888803,28.739905044874,400
-10.0737695485352,33.9609073337831,0.5,400
-10.0737695485352,33.9609073337831,0.5,401
-9.911,33.873,0.5,401
-9.96209368195431,33.7754087886172,16.1644871756094,401
-10.1248629942584,33.8632670075877,16.1644871756094,401
-10.0737695485352,33.9609073337831,0.5,401
-10.1729051720425,34.0919790815023,1,402
-10.058,34.004,1,402
-9.81,33.915,1,402
-9.735,33.862,1,402
-9.82774745298917,33.6771627259273,27.3208951371678,402
-9.90274706263082,33.7301206451308,27.3208951371678,402
-10.1507457705672,33.8189791027918,27.3208951371678,402
-10.2656503432852,33.9068913542625,27.3208951371678,402
-10.1729051720425,34.0919790815023,1,402
-10.2757036994697,34.170950570324,1,403
-10.165,34.13,1,403
-10.026,34.006,1,403
-9.81,33.915,1,403
-9.735,33.862,1,403
-9.81429546322998,33.7167663247403,21.9168344994932,403
-9.88929522222887,33.7697333062288,21.9168344994932,403
-10.1052945275278,33.8606367366353,21.9168344994932,403
-10.2442940799822,33.9845734308598,21.9168344994932,403
-10.3549974227329,34.0254729304081,21.9168344994932,403
-10.2757036994697,34.170950570324,1,403
-9.7759363925385,33.8343795574053,2.92623913696933,404
-9.7759360710511,33.8343842060507,2.92712362588062,404
-9.77099154098285,33.8342761034471,2.75393053684694,404
-9.77098983182915,33.8342804488556,2.75471391417332,404
-9.7255750682261,33.83334177884,1.16970372668946,404
-9.72557252505891,33.8333424166107,1.16954357911554,404
-9.72071932684234,33.8332440662196,1.00056982859704,404
-9.72071893973027,33.8332427454871,1.00030374266352,404
-9.71892282664324,33.833205308129,0.937732308817698,404
-9.71892274998703,33.8332064163948,0.937943212912049,404
-9.71926365932055,33.8282776813262,0,404
-9.777,33.819,0,404
-9.7759363925385,33.8343795574053,2.92623913696933,404
-9.77881385271332,33.8321515951629,3.26337197789154,404
-9.77881349418801,33.8321567794104,3.26435836590511,404
-9.77852122698451,33.8323780777468,3.22909648452425,404
-9.77852078470605,33.8323832752649,3.23006225803873,404
-9.77620441782586,33.8341721137608,2.95763326219221,404
-9.77620417477143,33.8341767489193,2.95853683429827,404
-9.7759363925385,33.8343795574053,2.92623913696933,404
-9.77593607105111,33.8343842060507,2.92712362588061,404
-9.777,33.819,0,404
-9.78,33.815,0,404
-9.77881385271332,33.8321515951629,3.26337197789154,404
-9.82947003300476,33.8411261854756,4.20922247443779,404
-9.82946957058128,33.8411328729844,4.21049468705414,404
-9.82294881239356,33.8399689262486,4.08765678420096,404
-9.82294644926951,33.83997508089,4.08885656247443,404
-9.78418094144455,33.8331093980562,3.36445178804718,404
-9.78417963936808,33.8331037582209,3.36340399208465,404
-9.77881385271333,33.8321515951629,3.26337197789154,404
-9.77881349418801,33.8321567794104,3.26435836590511,404
-9.78,33.815,0,404
-9.831,33.819,0,404
-9.82947003300476,33.8411261854756,4.20922247443779,404
-9.83660283393669,33.8472060109345,3.84385263025436,404
-9.83660241165463,33.8472121180366,3.84501440338071,404
-9.83572930398414,33.8464611967269,3.888622935026,404
-9.83572860968883,33.8464671472449,3.88981193286163,404
-9.8304048192581,33.8419232331793,4.16131230058354,404
-9.83040464141639,33.841930082707,4.16255571260907,404
-9.82947003300475,33.8411261854756,4.20922247443779,404
-9.82946957058127,33.8411328729844,4.21049468705414,404
-9.831,33.819,0,404
-9.838,33.827,0,404
-9.83660283393669,33.8472060109345,3.84385263025436,404
-9.8924332592514,33.8626618043506,4.31029402454382,404
-9.8924331819347,33.8626629226824,4.31050673216993,404
-9.88496380447255,33.8605918506683,4.24811222687298,404
-9.88496298712499,33.8605937132551,4.24849647975058,404
-9.85089508981736,33.8511706664767,3.96428974618623,404
-9.85089314073422,33.8511678443473,3.9645098501608,404
-9.84346355910717,33.849113555696,3.90215287935932,404
-9.84346188376555,33.8491067748122,3.90095632620808,404
-9.83660283393673,33.8472060109345,3.84385263025436,404
-9.83660241165468,33.8472121180366,3.84501440338071,404
-9.838,33.827,0,404
-9.894,33.84,0,404
-9.8924332592514,33.8626618043506,4.31029402454382,404
-9.77593801110662,33.834379911408,2.92626239765918,405
-9.7759376901059,33.8343845601974,2.92714690063427,405
-9.76757466926329,33.8342060972629,2.63471280291862,405
-9.76757210425031,33.8342102354558,2.63542981463058,405
-9.72557459871683,33.8333418965826,1.16967416089134,405
-9.72557205279038,33.8333425350453,1.16951383956004,405
-9.72227118484846,33.8332762252318,1.05470335530137,405
-9.72227027835196,33.8332747186236,1.05438545778669,405
-9.71892334220247,33.8332054208232,0.937739709635737,405
-9.71892326565788,33.8332065291773,0.937950627362865,405
-9.71926365932055,33.8282776813262,0,405
-9.777,33.819,0,405
-9.77593801110662,33.834379911408,2.92626239765918,405
-9.77881565832231,33.8321519900765,3.26339792631616,405
-9.77881530033991,33.8321571744845,3.26438433001853,405
-9.77830245133769,33.8325492387569,3.20328106117657,405
-9.77830194768694,33.8325544454926,3.20423145214626,405
-9.77641580295479,33.8340100741059,2.98223093021947,405
-9.77641562299483,33.8340146979096,2.98314959658413,405
-9.77593801110662,33.834379911408,2.92626239765918,405
-9.7759376901059,33.8343845601974,2.92714690063427,405
-9.777,33.819,0,405
-9.78,33.815,0,405
-9.77881565832231,33.8321519900765,3.26339792631616,405
-9.82947237434314,33.8411266976163,4.20925611613404,405
-9.82947191262363,33.8411333853333,4.21052834908944,405
-9.81819437345029,33.8391268962069,3.99885116982108,405
-9.81819069651955,33.8391326753231,3.9999993759432,405
-9.78853336658341,33.8338805670116,3.4457517631469,405
-9.7885306448272,33.8338745449686,3.44465272489627,405
-9.7788156583223,33.8321519900765,3.26339792631616,405
-9.77881530033987,33.8321571744845,3.26438433001853,405
-9.78,33.815,0,405
-9.831,33.819,0,405
-9.82947237434314,33.8411266976163,4.20925611613404,405
-9.83660497359557,33.847206478967,3.84388337338603,405
-9.83660455195684,33.8472125862594,3.84504516509899,405
-9.83504683622565,33.8458781210387,3.92372204659193,405
-9.83504592510401,33.8458839453905,3.92493260867084,405
-9.83111059856222,33.8425302779446,4.12653686285558,405
-9.8311105658107,33.8425233099332,4.12531487321136,405
-9.82947237434318,33.8411266976163,4.20925611613404,405
-9.82947191262366,33.8411333853334,4.21052834908944,405
-9.831,33.819,0,405
-9.838,33.827,0,405
-9.83660497359557,33.847206478967,3.84388337338603,405
-9.89243567249399,33.86266233229,4.31032869210076,405
-9.8924355953167,33.8626634503534,4.31054134545029,405
-9.87937610810995,33.8590450956614,4.20141754255518,405
-9.87937433569469,33.8590474039264,4.20192675423033,405
-9.85089497986201,33.8511705072694,3.9643021631046,405
-9.8508930313686,33.8511676859939,3.96452220048378,405
-9.84887454990997,33.8506112356576,3.94740879159128,405
-9.84887117668519,33.8506039115839,3.94618432737482,405
-9.83660497359553,33.847206478967,3.84388337338604,405
-9.8366045519568,33.8472125862594,3.845045165099,405
-9.838,33.827,0,405
-9.894,33.84,0,405
-9.89243567249399,33.86266233229,4.31032869210076,405
-10.4278814717281,34.5526893702767,0,406
-10.122,34.52,0,406
-10.069,34.54,0,406
-9.257,33.893,0,406
-9.32813500677276,33.7629063520945,35,406
-10.1401329086346,34.4095896826829,35,406
-10.1931327713264,34.3895680481694,35,406
-10.4990134497007,34.4221302333195,35,406
-10.4278814717281,34.5526893702767,0,406
-10.0387501347318,33.980885351721,0,407
-9.926,33.92,0,407
-9.886,33.902,0,407
-9.707,33.838,0,407
-9.75783615674641,33.7164281611754,14.4731493970005,407
-9.93683575358553,33.7803622159738,14.4731493970005,407
-9.97683566343366,33.7983473074808,14.4731493970005,407
-10.08958554393,33.8591902968515,14.4731493970005,407
-10.0387501347318,33.980885351721,0,407
-9.80963925862404,34.1644809105847,0.5,408
-9.6230185715311,34.106573249675,0.5,408
-9.66884971208567,33.9543955594502,23.2485955695829,408
-9.85546974056781,34.0122179173779,23.2485955695829,408
-9.80963925862404,34.1644809105847,0.5,408
-10.1551597718831,34.381468764393,0.5,409
-9.95476685479414,34.3418851236629,0.5,409
-9.98466279923088,34.1855286329538,23.2485955695829,409
-10.1850549696855,34.2250149820498,23.2485955695829,409
-10.1551597718831,34.381468764393,0.5,409
-10.0002212931263,34.3298488184246,0.5,410
-9.79483956744782,34.232581969907,0.5,410
-9.86110537971452,34.0882770526597,23.2485955695829,410
-10.0664864535829,34.1854530002463,23.2485955695829,410
-10.0002212931263,34.3298488184246,0.5,410
-10.3788141183576,34.3532168661938,0.5,411
-10.0555406379829,34.3070172334872,0.5,411
-9.99554063889978,34.2550153791628,0.5,411
-10.0420043772346,34.0655417253056,28.4740245769302,411
-10.1020040481817,34.1175083330966,28.4740245769302,411
-10.4252757584676,34.1635142528904,28.4740245769302,411
-10.3788141183576,34.3532168661938,0.5,411
-10.0392110254245,34.2659981122245,0.5,412
-9.71837814605819,33.9620284536195,0.5,412
-9.84948484875496,33.8192982292995,28.4740245769302,412
-10.1703167316558,34.1231267495828,28.4740245769302,412
-10.0392110254245,34.2659981122245,0.5,412
-10.3788141183576,34.3532168661938,0.5,413
-10.0555406379829,34.3070172334872,0.5,413
-9.99554063889978,34.2550153791628,0.5,413
-10.0412299750785,34.0687036856419,28.0005933697843,413
-10.1012296568861,34.1206708843501,28.0005933697843,413
-10.4245014257581,34.1666800515315,28.0005933697843,413
-10.3788141183576,34.3532168661938,0.5,413
-10.0421880187013,34.2650524290713,0.5,414
-9.90171445257496,34.1410168132473,0.5,414
-9.68071445379271,34.0640128095362,0.5,414
-9.77233859361628,33.8962100325541,28.0005933697843,414
-9.99333764396749,33.973101235795,28.0005933697843,414
-10.1338106065768,34.0970637738743,28.0005933697843,414
-10.0421880187013,34.2650524290713,0.5,414
-9.93500011228649,34.1051167289886,0,415
-9.862,34.036,0,415
-9.95461092624462,33.9351526200905,20.0410229287076,415
-10.027610925428,34.0042467110459,20.0410229287076,415
-9.93500011228649,34.1051167289886,0,415
-9.93500011228649,34.1051167289886,0,416
-9.862,34.036,0,416
-9.9639295846047,33.9250002183144,22.0579437928171,416
-10.0369295598693,33.9940920065589,22.0579437928171,416
-9.93500011228649,34.1051167289886,0,416
-10.347664891279,34.243679656675,0.5,417
-10.2922459479324,34.2556530100647,0.5,417
-10.2332459483301,34.2126517697619,0.5,417
-9.98124595002702,34.1466465566904,0.5,417
-10.0154954345475,34.0167523562231,19.6417051736839,417
-10.2674947847463,34.0826553372297,19.6417051736839,417
-10.3264946324617,34.1256322554849,19.6417051736839,417
-10.3819134330883,34.1136359223881,19.6417051736839,417
-10.347664891279,34.243679656675,0.5,417
-10.4180675154906,34.2599509823416,0.5,418
-10.3203604569855,34.2756837049937,0.5,418
-10.2333604575772,34.2126818651343,0.5,418
-9.98136045928953,34.1466766284161,0.5,418
-10.0166732528619,34.0027266115368,21.6586260377935,418
-10.2686724551941,34.0686185402669,21.6586260377935,418
-10.3556721795151,34.1315805728575,21.6586260377935,418
-10.453378928896,34.1158027212919,21.6586260377935,418
-10.4180675154906,34.2599509823416,0.5,418
-10.2909228546204,34.3085648288881,0.5,419
-10.0961359105002,34.2162385377526,0.5,419
-10.1279087663296,34.1470071481547,11.1969597351604,419
-10.3226955681657,34.2392909702363,11.1969597351604,419
-10.2909228546204,34.3085648288881,0.5,419
